checkpoint,run_dir,method,seed,severity,severity_scale,max_shift,max_boost,epsilon_mean,epsilon_mean_std,epsilon_mean_stderr,equivariance_defect_relative,equivariance_defect_relative_std,equivariance_defect_relative_stderr,eval_seconds,num_batches,num_samples,orbit_ood_relative_l2,orbit_ood_relative_l2_std,orbit_ood_relative_l2_stderr,relative_l2,relative_l2_std,relative_l2_stderr
runs\ablations\2d_galilean_n64_paper_ladder\fraction_0.02\aug_orbit_lambda_0.05_steps_4\seed_23\checkpoints\best.pt,runs\ablations\2d_galilean_n64_label_efficiency_2pct_ood_severity\fraction_0.02\boost_0.10\aug_orbit_steps_4\seed_23,aug_orbit_steps_4,23,boost_0.10,0.4,,0.1,0.07753759901970625,0.028760426403663938,0.0008987633251144981,0.1333179307403043,0.058152039354236684,0.0018172512298198964,19.079035099995963,16,256,0.40973882423713803,0.08508530711612933,0.0026589158473790415,0.4079300407320261,0.08235839029970274,0.005147399393731421
runs\ablations\2d_galilean_n64_paper_ladder\fraction_0.02\aug_orbit_lambda_0.05_steps_4\seed_31\checkpoints\best.pt,runs\ablations\2d_galilean_n64_label_efficiency_2pct_ood_severity\fraction_0.02\boost_0.10\aug_orbit_steps_4\seed_31,aug_orbit_steps_4,31,boost_0.10,0.4,,0.1,0.07652263162890449,0.02849712913015001,0.0008905352853171878,0.14780614525079727,0.0672841489813314,0.002102629655666606,16.446406700000807,16,256,0.44660280644893646,0.09371223825259405,0.002928507445393564,0.4431467857211828,0.09173351097213325,0.005733344435758328
runs\ablations\2d_galilean_n64_paper_ladder\fraction_0.02\aug_orbit_lambda_0.05_steps_4\seed_47\checkpoints\best.pt,runs\ablations\2d_galilean_n64_label_efficiency_2pct_ood_severity\fraction_0.02\boost_0.10\aug_orbit_steps_4\seed_47,aug_orbit_steps_4,47,boost_0.10,0.4,,0.1,0.07630419766064733,0.02883334962992451,0.0009010421759351409,0.14813297125510871,0.06873057453392484,0.002147830454185151,17.305858500003524,16,256,0.44882547529414296,0.09430145371991124,0.002946920428747226,0.44410983473062515,0.08789472735049333,0.005493420459405833
runs\ablations\2d_galilean_n64_paper_ladder\fraction_0.02\aug_orbit_lambda_0.05_steps_4\seed_59\checkpoints\best.pt,runs\ablations\2d_galilean_n64_label_efficiency_2pct_ood_severity\fraction_0.02\boost_0.10\aug_orbit_steps_4\seed_59,aug_orbit_steps_4,59,boost_0.10,0.4,,0.1,0.07514752534916624,0.02827431149297133,0.0008835722341553541,0.1254982507089153,0.07109302918244481,0.0022216571619514004,22.260413099997095,16,256,0.3628580002114177,0.11726121062388441,0.0036644128319963877,0.35551958344876766,0.10535435227507495,0.006584647017192184
runs\ablations\2d_galilean_n64_paper_ladder\fraction_0.02\aug_orbit_lambda_0.05_steps_4\seed_71\checkpoints\best.pt,runs\ablations\2d_galilean_n64_label_efficiency_2pct_ood_severity\fraction_0.02\boost_0.10\aug_orbit_steps_4\seed_71,aug_orbit_steps_4,71,boost_0.10,0.4,,0.1,0.07503010047366843,0.029043823059964627,0.0009076194706238946,0.15413990337401628,0.072147562509059,0.002254611328408094,26.738433499995153,16,256,0.4724616608582437,0.0949046953308857,0.0029657717290901783,0.4692544639110565,0.08914675465660651,0.005571672166037907
runs\ablations\2d_galilean_n64_label_efficiency_compute_matched\fraction_0.02\aug_steps_6\seed_23\checkpoints\best.pt,runs\ablations\2d_galilean_n64_label_efficiency_2pct_ood_severity\fraction_0.02\boost_0.10\aug_steps_6\seed_23,aug_steps_6,23,boost_0.10,0.4,,0.1,0.07753759901970625,0.028760426403663938,0.0008987633251144981,0.16806311043910682,0.0703325624830563,0.0021978925775955095,15.061306499999773,16,256,0.47741912910714746,0.09223072085706026,0.002882210026783133,0.47503660432994366,0.09049889438112348,0.005656180898820217
runs\ablations\2d_galilean_n64_label_efficiency_compute_matched\fraction_0.02\aug_steps_6\seed_31\checkpoints\best.pt,runs\ablations\2d_galilean_n64_label_efficiency_2pct_ood_severity\fraction_0.02\boost_0.10\aug_steps_6\seed_31,aug_steps_6,31,boost_0.10,0.4,,0.1,0.07652263162890449,0.02849712913015001,0.0008905352853171878,0.18931416794657707,0.08136522100269664,0.00254266315633427,17.066230799995537,16,256,0.5482212519273162,0.0960645579963506,0.003002017437385956,0.5449895411729813,0.09357927292090563,0.005848704557556602
runs\ablations\2d_galilean_n64_label_efficiency_compute_matched\fraction_0.02\aug_steps_6\seed_47\checkpoints\best.pt,runs\ablations\2d_galilean_n64_label_efficiency_2pct_ood_severity\fraction_0.02\boost_0.10\aug_steps_6\seed_47,aug_steps_6,47,boost_0.10,0.4,,0.1,0.07630419766064733,0.02883334962992451,0.0009010421759351409,0.18804862210527062,0.08010797867135118,0.0025033743334797244,15.14298950000375,16,256,0.5391324646770954,0.09913382979945112,0.0030979321812328476,0.5343834832310677,0.093936737826763,0.005871046114172687
runs\ablations\2d_galilean_n64_label_efficiency_compute_matched\fraction_0.02\aug_steps_6\seed_59\checkpoints\best.pt,runs\ablations\2d_galilean_n64_label_efficiency_2pct_ood_severity\fraction_0.02\boost_0.10\aug_steps_6\seed_59,aug_steps_6,59,boost_0.10,0.4,,0.1,0.07514752534916624,0.02827431149297133,0.0008835722341553541,0.15148185344878584,0.07512959084632945,0.0023477997139477952,21.141284800003632,16,256,0.4162450204603374,0.12233973290233106,0.0038231166531978457,0.40845455043017864,0.11186895923746494,0.006991809952341559
runs\ablations\2d_galilean_n64_label_efficiency_compute_matched\fraction_0.02\aug_steps_6\seed_71\checkpoints\best.pt,runs\ablations\2d_galilean_n64_label_efficiency_2pct_ood_severity\fraction_0.02\boost_0.10\aug_steps_6\seed_71,aug_steps_6,71,boost_0.10,0.4,,0.1,0.07503010047366843,0.029043823059964627,0.0009076194706238946,0.1899516626726836,0.0811960825905449,0.002537377580954528,22.955884900002275,16,256,0.5437778839841485,0.09395080874323897,0.0029359627732262177,0.5415244773030281,0.08886142370932967,0.005553838981833105
runs\ablations\2d_galilean_n64_paper_ladder\fraction_0.02\aug_orbit_lambda_0.05_steps_4\seed_23\checkpoints\best.pt,runs\ablations\2d_galilean_n64_label_efficiency_2pct_ood_severity\fraction_0.02\boost_0.20\aug_orbit_steps_4\seed_23,aug_orbit_steps_4,23,boost_0.20,0.8,,0.2,0.1550751980394125,0.057520852807327875,0.0017975266502289961,0.24549829377792776,0.10555664699809288,0.0032986452186904024,15.03239449999819,16,256,0.41918037086725235,0.09674811125027431,0.0030233784765710723,0.4079300407320261,0.08235839029970274,0.005147399393731421
runs\ablations\2d_galilean_n64_paper_ladder\fraction_0.02\aug_orbit_lambda_0.05_steps_4\seed_31\checkpoints\best.pt,runs\ablations\2d_galilean_n64_label_efficiency_2pct_ood_severity\fraction_0.02\boost_0.20\aug_orbit_steps_4\seed_31,aug_orbit_steps_4,31,boost_0.20,0.8,,0.2,0.15304526325780898,0.05699425826030002,0.0017810705706343755,0.27322065318003297,0.12249797443777778,0.0038280617011805557,16.137273399996047,16,256,0.45862683607265353,0.10750011097712579,0.003359378468035181,0.4431467857211828,0.09173351097213325,0.005733344435758328
runs\ablations\2d_galilean_n64_paper_ladder\fraction_0.02\aug_orbit_lambda_0.05_steps_4\seed_47\checkpoints\best.pt,runs\ablations\2d_galilean_n64_label_efficiency_2pct_ood_severity\fraction_0.02\boost_0.20\aug_orbit_steps_4\seed_47,aug_orbit_steps_4,47,boost_0.20,0.8,,0.2,0.15260839532129467,0.05766669925984902,0.0018020843518702818,0.27256043441593647,0.12528631060605788,0.003915197206439309,22.40429390000645,16,256,0.4618884208612144,0.1120811013125477,0.0035025344160171156,0.44410983473062515,0.08789472735049333,0.005493420459405833
runs\ablations\2d_galilean_n64_paper_ladder\fraction_0.02\aug_orbit_lambda_0.05_steps_4\seed_59\checkpoints\best.pt,runs\ablations\2d_galilean_n64_label_efficiency_2pct_ood_severity\fraction_0.02\boost_0.20\aug_orbit_steps_4\seed_59,aug_orbit_steps_4,59,boost_0.20,0.8,,0.2,0.1502950506983325,0.05654862298594266,0.0017671444683107081,0.23488081363029778,0.136743671879008,0.004273239746219,27.03666460000386,16,256,0.38207907183095813,0.14508490998939685,0.004533903437168652,0.35551958344876766,0.10535435227507495,0.006584647017192184
runs\ablations\2d_galilean_n64_paper_ladder\fraction_0.02\aug_orbit_lambda_0.05_steps_4\seed_71\checkpoints\best.pt,runs\ablations\2d_galilean_n64_label_efficiency_2pct_ood_severity\fraction_0.02\boost_0.20\aug_orbit_steps_4\seed_71,aug_orbit_steps_4,71,boost_0.20,0.8,,0.2,0.15006020094733685,0.058087646119929254,0.0018152389412477892,0.28256226424127817,0.12912352824826187,0.0040351102577581835,35.5516282000026,16,256,0.4831150188110769,0.11209024781726754,0.0035028202442896105,0.4692544639110565,0.08914675465660651,0.005571672166037907
runs\ablations\2d_galilean_n64_label_efficiency_compute_matched\fraction_0.02\aug_steps_6\seed_23\checkpoints\best.pt,runs\ablations\2d_galilean_n64_label_efficiency_2pct_ood_severity\fraction_0.02\boost_0.20\aug_steps_6\seed_23,aug_steps_6,23,boost_0.20,0.8,,0.2,0.1550751980394125,0.057520852807327875,0.0017975266502289961,0.30414252169430256,0.12246215635083556,0.003826942385963611,18.552342599999974,16,256,0.4881017762236297,0.10282024730104397,0.003213132728157624,0.47503660432994366,0.09049889438112348,0.005656180898820217
runs\ablations\2d_galilean_n64_label_efficiency_compute_matched\fraction_0.02\aug_steps_6\seed_31\checkpoints\best.pt,runs\ablations\2d_galilean_n64_label_efficiency_2pct_ood_severity\fraction_0.02\boost_0.20\aug_steps_6\seed_31,aug_steps_6,31,boost_0.20,0.8,,0.2,0.15304526325780898,0.05699425826030002,0.0017810705706343755,0.341008560732007,0.14066116520260172,0.004395661412581304,17.394898400001694,16,256,0.5600695637986064,0.10926656589092147,0.003414580184091296,0.5449895411729813,0.09357927292090563,0.005848704557556602
runs\ablations\2d_galilean_n64_label_efficiency_compute_matched\fraction_0.02\aug_steps_6\seed_47\checkpoints\best.pt,runs\ablations\2d_galilean_n64_label_efficiency_2pct_ood_severity\fraction_0.02\boost_0.20\aug_steps_6\seed_47,aug_steps_6,47,boost_0.20,0.8,,0.2,0.15260839532129467,0.05766669925984902,0.0018020843518702818,0.33752188086509705,0.13714669341905228,0.004285834169345384,15.095219599999837,16,256,0.5519582414999604,0.11421933044394528,0.00356935407637329,0.5343834832310677,0.093936737826763,0.005871046114172687
runs\ablations\2d_galilean_n64_label_efficiency_compute_matched\fraction_0.02\aug_steps_6\seed_59\checkpoints\best.pt,runs\ablations\2d_galilean_n64_label_efficiency_2pct_ood_severity\fraction_0.02\boost_0.20\aug_steps_6\seed_59,aug_steps_6,59,boost_0.20,0.8,,0.2,0.1502950506983325,0.05654862298594266,0.0017671444683107081,0.2783382427878678,0.14031729874253232,0.004384915585704135,38.50354390000575,16,256,0.4356270330026746,0.1478536683884773,0.004620427137139916,0.40845455043017864,0.11186895923746494,0.006991809952341559
runs\ablations\2d_galilean_n64_label_efficiency_compute_matched\fraction_0.02\aug_steps_6\seed_71\checkpoints\best.pt,runs\ablations\2d_galilean_n64_label_efficiency_2pct_ood_severity\fraction_0.02\boost_0.20\aug_steps_6\seed_71,aug_steps_6,71,boost_0.20,0.8,,0.2,0.15006020094733685,0.058087646119929254,0.0018152389412477892,0.341250556986779,0.1387153470789424,0.00433485459621695,28.058436700011953,16,256,0.5524719236418605,0.108599142589862,0.0033937232059331876,0.5415244773030281,0.08886142370932967,0.005553838981833105
runs\ablations\2d_galilean_n64_paper_ladder\fraction_0.02\aug_orbit_lambda_0.05_steps_4\seed_23\checkpoints\best.pt,runs\ablations\2d_galilean_n64_label_efficiency_2pct_ood_severity\fraction_0.02\boost_0.25\aug_orbit_steps_4\seed_23,aug_orbit_steps_4,23,train_radius,1.0,,0.25,0.19384399359114468,0.07190105852850656,0.00224690807901583,0.2929801498539746,0.12709201887347973,0.003971625589796242,17.1510083999965,16,256,0.4279166623018682,0.1079855838681889,0.0033745494958809033,0.4079300407320261,0.08235839029970274,0.005147399393731421
runs\ablations\2d_galilean_n64_paper_ladder\fraction_0.02\aug_orbit_lambda_0.05_steps_4\seed_31\checkpoints\best.pt,runs\ablations\2d_galilean_n64_label_efficiency_2pct_ood_severity\fraction_0.02\boost_0.25\aug_orbit_steps_4\seed_31,aug_orbit_steps_4,31,train_radius,1.0,,0.25,0.19130657613277435,0.07124281708448539,0.0022263380338901685,0.3264497583732009,0.14681277623148517,0.004587899257233912,15.338074100000085,16,256,0.46864944649860263,0.12024639945780614,0.003757699983056442,0.4431467857211828,0.09173351097213325,0.005733344435758328
runs\ablations\2d_galilean_n64_paper_ladder\fraction_0.02\aug_orbit_lambda_0.05_steps_4\seed_47\checkpoints\best.pt,runs\ablations\2d_galilean_n64_label_efficiency_2pct_ood_severity\fraction_0.02\boost_0.25\aug_orbit_steps_4\seed_47,aug_orbit_steps_4,47,train_radius,1.0,,0.25,0.19076048978604376,0.07208337280867372,0.0022526054002710537,0.3248363558668643,0.15008428252290867,0.004690133828840896,15.929956799998763,16,256,0.4724175031296909,0.12632446439939676,0.003947639512481149,0.44410983473062515,0.08789472735049333,0.005493420459405833
runs\ablations\2d_galilean_n64_paper_ladder\fraction_0.02\aug_orbit_lambda_0.05_steps_4\seed_59\checkpoints\best.pt,runs\ablations\2d_galilean_n64_label_efficiency_2pct_ood_severity\fraction_0.02\boost_0.25\aug_orbit_steps_4\seed_59,aug_orbit_steps_4,59,train_radius,1.0,,0.25,0.18786881281994283,0.07068576869926484,0.002208930271852026,0.2830609630327672,0.1681209223125562,0.0052537788222673815,52.88582709999173,16,256,0.3963482887484133,0.16432969836483316,0.005135303073901036,0.35551958344876766,0.10535435227507495,0.006584647017192184
runs\ablations\2d_galilean_n64_paper_ladder\fraction_0.02\aug_orbit_lambda_0.05_steps_4\seed_71\checkpoints\best.pt,runs\ablations\2d_galilean_n64_label_efficiency_2pct_ood_severity\fraction_0.02\boost_0.25\aug_orbit_steps_4\seed_71,aug_orbit_steps_4,71,train_radius,1.0,,0.25,0.18757525039836764,0.07260955469463089,0.0022690485842072152,0.33606030931696296,0.1531421716002416,0.00478569286250755,38.680683499987936,16,256,0.4915679721161723,0.12485862231738111,0.0039018319474181597,0.4692544639110565,0.08914675465660651,0.005571672166037907
runs\ablations\2d_galilean_n64_label_efficiency_compute_matched\fraction_0.02\aug_steps_6\seed_23\checkpoints\best.pt,runs\ablations\2d_galilean_n64_label_efficiency_2pct_ood_severity\fraction_0.02\boost_0.25\aug_steps_6\seed_23,aug_steps_6,23,train_radius,1.0,,0.25,0.19384399359114468,0.07190105852850656,0.00224690807901583,0.35969990538433194,0.14429359991921378,0.004509174997475431,24.464265300004627,16,256,0.49729187600314617,0.11349072387131388,0.003546585120978559,0.47503660432994366,0.09049889438112348,0.005656180898820217
runs\ablations\2d_galilean_n64_label_efficiency_compute_matched\fraction_0.02\aug_steps_6\seed_31\checkpoints\best.pt,runs\ablations\2d_galilean_n64_label_efficiency_2pct_ood_severity\fraction_0.02\boost_0.25\aug_steps_6\seed_31,aug_steps_6,31,train_radius,1.0,,0.25,0.19130657613277435,0.07124281708448539,0.0022263380338901685,0.40266281832009554,0.1646415577208913,0.0051450486787778535,18.729036700002325,16,256,0.5696513308212161,0.12072893657818826,0.003772779268068383,0.5449895411729813,0.09357927292090563,0.005848704557556602
runs\ablations\2d_galilean_n64_label_efficiency_compute_matched\fraction_0.02\aug_steps_6\seed_47\checkpoints\best.pt,runs\ablations\2d_galilean_n64_label_efficiency_2pct_ood_severity\fraction_0.02\boost_0.25\aug_steps_6\seed_47,aug_steps_6,47,train_radius,1.0,,0.25,0.19076048978604376,0.07208337280867372,0.0022526054002710537,0.3977827029302716,0.15969879727394168,0.0049905874148106774,16.18160270000226,16,256,0.561854443512857,0.1263101310778725,0.003947191596183516,0.5343834832310677,0.093936737826763,0.005871046114172687
runs\ablations\2d_galilean_n64_label_efficiency_compute_matched\fraction_0.02\aug_steps_6\seed_59\checkpoints\best.pt,runs\ablations\2d_galilean_n64_label_efficiency_2pct_ood_severity\fraction_0.02\boost_0.25\aug_steps_6\seed_59,aug_steps_6,59,train_radius,1.0,,0.25,0.18786881281994283,0.07068576869926484,0.002208930271852026,0.33245742600411177,0.17107978732363197,0.005346243353863499,25.256989900008193,16,256,0.4497375930659473,0.16632643320868845,0.005197701037771514,0.40845455043017864,0.11186895923746494,0.006991809952341559
runs\ablations\2d_galilean_n64_label_efficiency_compute_matched\fraction_0.02\aug_steps_6\seed_71\checkpoints\best.pt,runs\ablations\2d_galilean_n64_label_efficiency_2pct_ood_severity\fraction_0.02\boost_0.25\aug_steps_6\seed_71,aug_steps_6,71,train_radius,1.0,,0.25,0.18757525039836764,0.07260955469463089,0.0022690485842072152,0.4025210770778358,0.16185937066741,0.005058105333356562,36.23597880000307,16,256,0.5597602818161249,0.11960165602508462,0.0037375517507838942,0.5415244773030281,0.08886142370932967,0.005553838981833105
runs\ablations\2d_galilean_n64_paper_ladder\fraction_0.02\aug_orbit_lambda_0.05_steps_4\seed_23\checkpoints\best.pt,runs\ablations\2d_galilean_n64_label_efficiency_2pct_ood_severity\fraction_0.02\boost_0.35\aug_orbit_steps_4\seed_23,aug_orbit_steps_4,23,boost_0.35,1.4,,0.35,0.27138158469460905,0.10066149129388946,0.0031456716029340456,0.37594377528876066,0.17164104183344522,0.005363782557295163,15.818107200000668,16,256,0.454848381690681,0.14332362061838827,0.0044788631443246334,0.4079300407320261,0.08235839029970274,0.005147399393731421
runs\ablations\2d_galilean_n64_paper_ladder\fraction_0.02\aug_orbit_lambda_0.05_steps_4\seed_31\checkpoints\best.pt,runs\ablations\2d_galilean_n64_label_efficiency_2pct_ood_severity\fraction_0.02\boost_0.35\aug_orbit_steps_4\seed_31,aug_orbit_steps_4,31,boost_0.35,1.4,,0.35,0.26782919582910836,0.09973995662011276,0.0031168736443785237,0.41825935896486044,0.19277468448819857,0.006024208890256205,16.85081540000101,16,256,0.49773410242050886,0.15720564571623244,0.004912676428632264,0.4431467857211828,0.09173351097213325,0.005733344435758328
runs\ablations\2d_galilean_n64_paper_ladder\fraction_0.02\aug_orbit_lambda_0.05_steps_4\seed_47\checkpoints\best.pt,runs\ablations\2d_galilean_n64_label_efficiency_2pct_ood_severity\fraction_0.02\boost_0.35\aug_orbit_steps_4\seed_47,aug_orbit_steps_4,47,boost_0.35,1.4,,0.35,0.26706468244083226,0.10091671930522797,0.003153647478288374,0.41433713072910905,0.19747399622982706,0.006171062382182096,17.705284499999834,16,256,0.5018753283657134,0.1660585335484572,0.005189329173389288,0.44410983473062515,0.08789472735049333,0.005493420459405833
runs\ablations\2d_galilean_n64_paper_ladder\fraction_0.02\aug_orbit_lambda_0.05_steps_4\seed_59\checkpoints\best.pt,runs\ablations\2d_galilean_n64_label_efficiency_2pct_ood_severity\fraction_0.02\boost_0.35\aug_orbit_steps_4\seed_59,aug_orbit_steps_4,59,boost_0.35,1.4,,0.35,0.2630163317080587,0.09896007962304945,0.0030925024882202954,0.3706270372495055,0.22854532741909825,0.00714204148184682,21.97538329999952,16,256,0.43419618997722864,0.21122254446387623,0.006600704514496132,0.35551958344876766,0.10535435227507495,0.006584647017192184
runs\ablations\2d_galilean_n64_paper_ladder\fraction_0.02\aug_orbit_lambda_0.05_steps_4\seed_71\checkpoints\best.pt,runs\ablations\2d_galilean_n64_label_efficiency_2pct_ood_severity\fraction_0.02\boost_0.35\aug_orbit_steps_4\seed_71,aug_orbit_steps_4,71,boost_0.35,1.4,,0.35,0.2626053432468325,0.1016533802676631,0.003176668133364472,0.4262944161891937,0.19677806844962267,0.0061493146390507085,26.859880300005898,16,256,0.5149417505599558,0.1585893876498659,0.00495591836405831,0.4692544639110565,0.08914675465660651,0.005571672166037907
runs\ablations\2d_galilean_n64_label_efficiency_compute_matched\fraction_0.02\aug_steps_6\seed_23\checkpoints\best.pt,runs\ablations\2d_galilean_n64_label_efficiency_2pct_ood_severity\fraction_0.02\boost_0.35\aug_steps_6\seed_23,aug_steps_6,23,boost_0.35,1.4,,0.35,0.27138158469460905,0.10066149129388946,0.0031456716029340456,0.45288332272320986,0.18656784049309053,0.005830245015409079,15.685487700000522,16,256,0.5244967336766422,0.14696466563893987,0.004592645801216871,0.47503660432994366,0.09049889438112348,0.005656180898820217
runs\ablations\2d_galilean_n64_label_efficiency_compute_matched\fraction_0.02\aug_steps_6\seed_31\checkpoints\best.pt,runs\ablations\2d_galilean_n64_label_efficiency_2pct_ood_severity\fraction_0.02\boost_0.35\aug_steps_6\seed_31,aug_steps_6,31,boost_0.35,1.4,,0.35,0.26782919582910836,0.09973995662011276,0.0031168736443785237,0.5053292587399483,0.20717871540041816,0.006474334856263067,16.484960699999647,16,256,0.596876441501081,0.15326690123609002,0.004789590663627813,0.5449895411729813,0.09357927292090563,0.005848704557556602
runs\ablations\2d_galilean_n64_label_efficiency_compute_matched\fraction_0.02\aug_steps_6\seed_47\checkpoints\best.pt,runs\ablations\2d_galilean_n64_label_efficiency_2pct_ood_severity\fraction_0.02\boost_0.35\aug_steps_6\seed_47,aug_steps_6,47,boost_0.35,1.4,,0.35,0.26706468244083226,0.10091671930522797,0.003153647478288374,0.49605096271261573,0.1987800890215549,0.00621187778192359,15.540780100003758,16,256,0.5880893496796489,0.15923122019134248,0.004975975630979452,0.5343834832310677,0.093936737826763,0.005871046114172687
runs\ablations\2d_galilean_n64_label_efficiency_compute_matched\fraction_0.02\aug_steps_6\seed_59\checkpoints\best.pt,runs\ablations\2d_galilean_n64_label_efficiency_2pct_ood_severity\fraction_0.02\boost_0.35\aug_steps_6\seed_59,aug_steps_6,59,boost_0.35,1.4,,0.35,0.2630163317080587,0.09896007962304945,0.0030925024882202954,0.42801109282299876,0.2309031134478081,0.007215722295244003,34.09873040000093,16,256,0.4870462054386735,0.212247542763705,0.006632735711365781,0.40845455043017864,0.11186895923746494,0.006991809952341559
runs\ablations\2d_galilean_n64_label_efficiency_compute_matched\fraction_0.02\aug_steps_6\seed_71\checkpoints\best.pt,runs\ablations\2d_galilean_n64_label_efficiency_2pct_ood_severity\fraction_0.02\boost_0.35\aug_steps_6\seed_71,aug_steps_6,71,boost_0.35,1.4,,0.35,0.2626053432468325,0.1016533802676631,0.003176668133364472,0.5035683275200427,0.20329878286535044,0.006353086964542201,27.137498800002504,16,256,0.580867157317698,0.149650391257335,0.004676574726791719,0.5415244773030281,0.08886142370932967,0.005553838981833105
runs\ablations\2d_galilean_n64_paper_ladder\fraction_0.02\aug_orbit_lambda_0.05_steps_4\seed_23\checkpoints\best.pt,runs\ablations\2d_galilean_n64_label_efficiency_2pct_ood_severity\fraction_0.02\boost_0.50\aug_orbit_steps_4\seed_23,aug_orbit_steps_4,23,boost_0.50,2.0,,0.5,0.38768798718228936,0.14380211705701312,0.00449381615803166,0.488995922729373,0.24812065721797452,0.007753770538061704,17.439975499997672,16,256,0.5196108017116785,0.2196990352219431,0.0068655948506857216,0.4079300407320261,0.08235839029970274,0.005147399393731421
runs\ablations\2d_galilean_n64_paper_ladder\fraction_0.02\aug_orbit_lambda_0.05_steps_4\seed_31\checkpoints\best.pt,runs\ablations\2d_galilean_n64_label_efficiency_2pct_ood_severity\fraction_0.02\boost_0.50\aug_orbit_steps_4\seed_31,aug_orbit_steps_4,31,boost_0.50,2.0,,0.5,0.3826131522655487,0.14248563416897078,0.004452676067780337,0.5345271532423794,0.2602674608974398,0.008133358153044994,17.440176399999473,16,256,0.5620755571871996,0.23039255067266895,0.007199767208520905,0.4431467857211828,0.09173351097213325,0.005733344435758328
runs\ablations\2d_galilean_n64_paper_ladder\fraction_0.02\aug_orbit_lambda_0.05_steps_4\seed_47\checkpoints\best.pt,runs\ablations\2d_galilean_n64_label_efficiency_2pct_ood_severity\fraction_0.02\boost_0.50\aug_orbit_steps_4\seed_47,aug_orbit_steps_4,47,boost_0.50,2.0,,0.5,0.3815209795720875,0.14416674561734744,0.004505210800542107,0.5286206216551363,0.26806561610542723,0.008377050503294601,15.51916109999729,16,256,0.5643974528647959,0.24027452892246115,0.007508579028826911,0.44410983473062515,0.08789472735049333,0.005493420459405833
runs\ablations\2d_galilean_n64_paper_ladder\fraction_0.02\aug_orbit_lambda_0.05_steps_4\seed_59\checkpoints\best.pt,runs\ablations\2d_galilean_n64_label_efficiency_2pct_ood_severity\fraction_0.02\boost_0.50\aug_orbit_steps_4\seed_59,aug_orbit_steps_4,59,boost_0.50,2.0,,0.5,0.37573762563988566,0.14137153739852967,0.004417860543704052,0.4918988863937557,0.3096081667340971,0.009675255210440534,22.2952035000053,16,256,0.512127089779824,0.28942789040763284,0.009044621575238526,0.35551958344876766,0.10535435227507495,0.006584647017192184
runs\ablations\2d_galilean_n64_paper_ladder\fraction_0.02\aug_orbit_lambda_0.05_steps_4\seed_71\checkpoints\best.pt,runs\ablations\2d_galilean_n64_label_efficiency_2pct_ood_severity\fraction_0.02\boost_0.50\aug_orbit_steps_4\seed_71,aug_orbit_steps_4,71,boost_0.50,2.0,,0.5,0.3751505007967353,0.14521910938926177,0.0045380971684144305,0.5364495199173689,0.25927388599639245,0.008102308937387264,22.448378400004003,16,256,0.5664770100265741,0.22428121030266707,0.007008787821958346,0.4692544639110565,0.08914675465660651,0.005571672166037907
runs\ablations\2d_galilean_n64_label_efficiency_compute_matched\fraction_0.02\aug_steps_6\seed_23\checkpoints\best.pt,runs\ablations\2d_galilean_n64_label_efficiency_2pct_ood_severity\fraction_0.02\boost_0.50\aug_steps_6\seed_23,aug_steps_6,23,boost_0.50,2.0,,0.5,0.38768798718228936,0.14380211705701312,0.00449381615803166,0.5706425551325083,0.25401841652410223,0.007938075516378195,16.94202360000054,16,256,0.5874029514379799,0.217005779250019,0.006781430601563093,0.47503660432994366,0.09049889438112348,0.005656180898820217
runs\ablations\2d_galilean_n64_label_efficiency_compute_matched\fraction_0.02\aug_steps_6\seed_31\checkpoints\best.pt,runs\ablations\2d_galilean_n64_label_efficiency_2pct_ood_severity\fraction_0.02\boost_0.50\aug_steps_6\seed_31,aug_steps_6,31,boost_0.50,2.0,,0.5,0.3826131522655487,0.14248563416897078,0.004452676067780337,0.6294430182315409,0.26493589736155,0.008279246792548437,16.217160500003956,16,256,0.6562302224338055,0.21631172886163846,0.006759741526926202,0.5449895411729813,0.09357927292090563,0.005848704557556602
runs\ablations\2d_galilean_n64_label_efficiency_compute_matched\fraction_0.02\aug_steps_6\seed_47\checkpoints\best.pt,runs\ablations\2d_galilean_n64_label_efficiency_2pct_ood_severity\fraction_0.02\boost_0.50\aug_steps_6\seed_47,aug_steps_6,47,boost_0.50,2.0,,0.5,0.3815209795720875,0.14416674561734744,0.004505210800542107,0.6090427222661674,0.25007413985599336,0.007814816870499793,17.241643599998497,16,256,0.6413239790126681,0.21598779063229287,0.006749618457259152,0.5343834832310677,0.093936737826763,0.005871046114172687
runs\ablations\2d_galilean_n64_label_efficiency_compute_matched\fraction_0.02\aug_steps_6\seed_59\checkpoints\best.pt,runs\ablations\2d_galilean_n64_label_efficiency_2pct_ood_severity\fraction_0.02\boost_0.50\aug_steps_6\seed_59,aug_steps_6,59,boost_0.50,2.0,,0.5,0.37573762563988566,0.14137153739852967,0.004417860543704052,0.554912852589041,0.31200063369038183,0.009750019802824432,37.911773300002096,16,256,0.5645235329866409,0.28878808425503927,0.009024627632969977,0.40845455043017864,0.11186895923746494,0.006991809952341559
runs\ablations\2d_galilean_n64_label_efficiency_compute_matched\fraction_0.02\aug_steps_6\seed_71\checkpoints\best.pt,runs\ablations\2d_galilean_n64_label_efficiency_2pct_ood_severity\fraction_0.02\boost_0.50\aug_steps_6\seed_71,aug_steps_6,71,boost_0.50,2.0,,0.5,0.3751505007967353,0.14521910938926177,0.0045380971684144305,0.6216061231680214,0.2598739853109581,0.008121062040967441,25.258217599999625,16,256,0.6293666092678905,0.20996451800144222,0.0065613911875450695,0.5415244773030281,0.08886142370932967,0.005553838981833105
