checkpoint,run_dir,method,seed,severity,severity_scale,max_shift,max_boost,relative_l2,relative_l2_std,relative_l2_stderr,orbit_ood_relative_l2,orbit_ood_relative_l2_std,orbit_ood_relative_l2_stderr,equivariance_defect_relative,equivariance_defect_relative_std,equivariance_defect_relative_stderr,epsilon_mean,epsilon_mean_std,epsilon_mean_stderr,num_samples,num_batches,eval_seconds
runs\ablations\2d_galilean_n64_paper_ladder\fraction_0.05\aug_steps_4\seed_23\checkpoints\best.pt,runs\ablations\2d_galilean_n64_ood_severity\fraction_0.05\boost_0.10\aug\seed_23,aug,23,boost_0.10,0.4,,0.1,0.39144619554281235,0.06768230664930928,0.00423014416558183,0.39710914017632604,0.07264077590839589,0.0022700242471373716,0.15137135377153754,0.06324459348452383,0.0019763935463913695,0.07753759901970625,0.028760426403663938,0.0008987633251144981,256,16,18.29402009999467
runs\ablations\2d_galilean_n64_paper_ladder\fraction_0.05\aug_steps_4\seed_31\checkpoints\best.pt,runs\ablations\2d_galilean_n64_ood_severity\fraction_0.05\boost_0.10\aug\seed_31,aug,31,boost_0.10,0.4,,0.1,0.3851944860070944,0.07708937248027695,0.004818085780017309,0.3910783054307103,0.08672169538619695,0.0027100529808186547,0.14322146342601627,0.06300866764777664,0.00196902086399302,0.07652263162890449,0.02849712913015001,0.0008905352853171878,256,16,23.890771599995787
runs\ablations\2d_galilean_n64_paper_ladder\fraction_0.05\aug_steps_4\seed_47\checkpoints\best.pt,runs\ablations\2d_galilean_n64_ood_severity\fraction_0.05\boost_0.10\aug\seed_47,aug,47,boost_0.10,0.4,,0.1,0.38612375035881996,0.08998515323931515,0.005624072077457197,0.394108303822577,0.10045301266929252,0.003139156645915391,0.14509745500981808,0.06517109810706216,0.0020365968158456925,0.07630419766064733,0.02883334962992451,0.0009010421759351409,256,16,20.205221399999573
runs\ablations\2d_galilean_n64_paper_ladder\fraction_0.05\aug_orbit_lambda_0.05_steps_4\seed_23\checkpoints\best.pt,runs\ablations\2d_galilean_n64_ood_severity\fraction_0.05\boost_0.10\aug_orbit\seed_23,aug_orbit,23,boost_0.10,0.4,,0.1,0.25046497117727995,0.04337023907119465,0.0027106399419496658,0.2535634411033243,0.04765536577180511,0.0014892301803689097,0.08752713876310736,0.038344647808396824,0.0011982702440124008,0.07753759901970625,0.028760426403663938,0.0008987633251144981,256,16,29.612330900003144
runs\ablations\2d_galilean_n64_paper_ladder\fraction_0.05\aug_orbit_lambda_0.05_steps_4\seed_31\checkpoints\best.pt,runs\ablations\2d_galilean_n64_ood_severity\fraction_0.05\boost_0.10\aug_orbit\seed_31,aug_orbit,31,boost_0.10,0.4,,0.1,0.24289453029632568,0.05422342674995988,0.0033889641718724923,0.24747029971331358,0.06285465672613696,0.00196420802269178,0.08600402646698058,0.04204587249534144,0.00131393351547942,0.07652263162890449,0.02849712913015001,0.0008905352853171878,256,16,14.752976200004923
runs\ablations\2d_galilean_n64_paper_ladder\fraction_0.05\aug_orbit_lambda_0.05_steps_4\seed_47\checkpoints\best.pt,runs\ablations\2d_galilean_n64_ood_severity\fraction_0.05\boost_0.10\aug_orbit\seed_47,aug_orbit,47,boost_0.10,0.4,,0.1,0.26718534529209137,0.0734579391710859,0.0045911211981928685,0.2727444947231561,0.084913952218832,0.0026535610068385,0.09324988722801208,0.05162506415557779,0.001613283254861806,0.07630419766064733,0.02883334962992451,0.0009010421759351409,256,16,15.826059699997131
runs\ablations\2d_galilean_n64_paper_ladder\fraction_0.05\aug_steps_4\seed_23\checkpoints\best.pt,runs\ablations\2d_galilean_n64_ood_severity\fraction_0.05\boost_0.20\aug\seed_23,aug,23,boost_0.20,0.8,,0.2,0.39144619554281235,0.06768230664930928,0.00423014416558183,0.4130238047800958,0.09226545117634671,0.002883295349260835,0.270373051520437,0.10959542799505492,0.0034248571248454663,0.1550751980394125,0.057520852807327875,0.0017975266502289961,256,16,16.540872300000046
runs\ablations\2d_galilean_n64_paper_ladder\fraction_0.05\aug_steps_4\seed_31\checkpoints\best.pt,runs\ablations\2d_galilean_n64_ood_severity\fraction_0.05\boost_0.20\aug\seed_31,aug,31,boost_0.20,0.8,,0.2,0.3851944860070944,0.07708937248027695,0.004818085780017309,0.41087585035711527,0.11463758220725666,0.0035824244439767706,0.2592500757891685,0.11469369548084278,0.003584177983776337,0.15304526325780898,0.05699425826030002,0.0017810705706343755,256,16,16.018616000001202
runs\ablations\2d_galilean_n64_paper_ladder\fraction_0.05\aug_steps_4\seed_47\checkpoints\best.pt,runs\ablations\2d_galilean_n64_ood_severity\fraction_0.05\boost_0.20\aug\seed_47,aug,47,boost_0.20,0.8,,0.2,0.38612375035881996,0.08998515323931515,0.005624072077457197,0.4139672704041004,0.12848527788834682,0.004015164934010838,0.26298794732429087,0.12010965485050148,0.0037534267140781714,0.15260839532129467,0.05766669925984902,0.0018020843518702818,256,16,14.769433100002061
runs\ablations\2d_galilean_n64_paper_ladder\fraction_0.05\aug_orbit_lambda_0.05_steps_4\seed_23\checkpoints\best.pt,runs\ablations\2d_galilean_n64_ood_severity\fraction_0.05\boost_0.20\aug_orbit\seed_23,aug_orbit,23,boost_0.20,0.8,,0.2,0.25046497117727995,0.04337023907119465,0.0027106399419496658,0.2649682427290827,0.06694822248526684,0.002092131952664589,0.16100408730562776,0.07479705772237878,0.002337408053824337,0.1550751980394125,0.057520852807327875,0.0017975266502289961,256,16,15.22482289999607
runs\ablations\2d_galilean_n64_paper_ladder\fraction_0.05\aug_orbit_lambda_0.05_steps_4\seed_31\checkpoints\best.pt,runs\ablations\2d_galilean_n64_ood_severity\fraction_0.05\boost_0.20\aug_orbit\seed_31,aug_orbit,31,boost_0.20,0.8,,0.2,0.24289453029632568,0.05422342674995988,0.0033889641718724923,0.26222610170952976,0.0891801790280727,0.0027868805946272717,0.15965248993597925,0.08581406935921922,0.0026816896674756005,0.15304526325780898,0.05699425826030002,0.0017810705706343755,256,16,15.040437100004056
runs\ablations\2d_galilean_n64_paper_ladder\fraction_0.05\aug_orbit_lambda_0.05_steps_4\seed_47\checkpoints\best.pt,runs\ablations\2d_galilean_n64_ood_severity\fraction_0.05\boost_0.20\aug_orbit\seed_47,aug_orbit,47,boost_0.20,0.8,,0.2,0.26718534529209137,0.0734579391710859,0.0045911211981928685,0.29034525668248534,0.11469392713182915,0.003584185222869661,0.17535654362291098,0.10552555967043238,0.003297673739701012,0.15260839532129467,0.05766669925984902,0.0018020843518702818,256,16,20.509700599999633
runs\ablations\2d_galilean_n64_paper_ladder\fraction_0.05\aug_steps_4\seed_23\checkpoints\best.pt,runs\ablations\2d_galilean_n64_ood_severity\fraction_0.05\boost_0.25\aug\seed_23,aug,23,train_radius,1.0,,0.25,0.39144619554281235,0.06768230664930928,0.00423014416558183,0.42470674868673086,0.10869686708562161,0.0033967770964256753,0.31775842094793916,0.13062266849906706,0.004081958390595846,0.19384399359114468,0.07190105852850656,0.00224690807901583,256,16,16.900169799999276
runs\ablations\2d_galilean_n64_paper_ladder\fraction_0.05\aug_steps_4\seed_31\checkpoints\best.pt,runs\ablations\2d_galilean_n64_ood_severity\fraction_0.05\boost_0.25\aug\seed_31,aug,31,train_radius,1.0,,0.25,0.3851944860070944,0.07708937248027695,0.004818085780017309,0.425598724745214,0.13429812168049224,0.0041968163025153825,0.30741054378449917,0.13964399069953018,0.004363874709360318,0.19130657613277435,0.07124281708448539,0.0022263380338901685,256,16,16.872379000000365
runs\ablations\2d_galilean_n64_paper_ladder\fraction_0.05\aug_steps_4\seed_47\checkpoints\best.pt,runs\ablations\2d_galilean_n64_ood_severity\fraction_0.05\boost_0.25\aug\seed_47,aug,47,train_radius,1.0,,0.25,0.38612375035881996,0.08998515323931515,0.005624072077457197,0.42831882974132895,0.14796830458703156,0.004624009518344736,0.31157837295904756,0.14629737848847835,0.004571793077764948,0.19076048978604376,0.07208337280867372,0.0022526054002710537,256,16,16.128112899998087
runs\ablations\2d_galilean_n64_paper_ladder\fraction_0.05\aug_orbit_lambda_0.05_steps_4\seed_23\checkpoints\best.pt,runs\ablations\2d_galilean_n64_ood_severity\fraction_0.05\boost_0.25\aug_orbit\seed_23,aug_orbit,23,train_radius,1.0,,0.25,0.25046497117727995,0.04337023907119465,0.0027106399419496658,0.2744928812608123,0.08406331866161393,0.0026269787081754353,0.19249919336289167,0.09564827858767946,0.0029890087058649832,0.19384399359114468,0.07190105852850656,0.00224690807901583,256,16,16.937225300003774
runs\ablations\2d_galilean_n64_paper_ladder\fraction_0.05\aug_orbit_lambda_0.05_steps_4\seed_31\checkpoints\best.pt,runs\ablations\2d_galilean_n64_ood_severity\fraction_0.05\boost_0.25\aug_orbit\seed_31,aug_orbit,31,train_radius,1.0,,0.25,0.24289453029632568,0.05422342674995988,0.0033889641718724923,0.2740616356022656,0.10944134387352773,0.0034200419960477416,0.19227501144632697,0.110906704030922,0.0034658345009663124,0.19130657613277435,0.07124281708448539,0.0022263380338901685,256,16,15.261009699999704
runs\ablations\2d_galilean_n64_paper_ladder\fraction_0.05\aug_orbit_lambda_0.05_steps_4\seed_47\checkpoints\best.pt,runs\ablations\2d_galilean_n64_ood_severity\fraction_0.05\boost_0.25\aug_orbit\seed_47,aug_orbit,47,train_radius,1.0,,0.25,0.26718534529209137,0.0734579391710859,0.0045911211981928685,0.30446453718468547,0.1367296588799169,0.004272801839997403,0.21227701613679528,0.13469720476375746,0.004209287648867421,0.19076048978604376,0.07208337280867372,0.0022526054002710537,256,16,16.20551599999453
runs\ablations\2d_galilean_n64_paper_ladder\fraction_0.05\aug_steps_4\seed_23\checkpoints\best.pt,runs\ablations\2d_galilean_n64_ood_severity\fraction_0.05\boost_0.35\aug\seed_23,aug,23,boost_0.35,1.4,,0.35,0.39144619554281235,0.06768230664930928,0.00423014416558183,0.45600190851837397,0.15256723846859635,0.004767726202143636,0.3967867186293006,0.17690596382413726,0.005528311369504289,0.27138158469460905,0.10066149129388946,0.0031456716029340456,256,16,17.37714209999831
runs\ablations\2d_galilean_n64_paper_ladder\fraction_0.05\aug_steps_4\seed_31\checkpoints\best.pt,runs\ablations\2d_galilean_n64_ood_severity\fraction_0.05\boost_0.35\aug\seed_31,aug,31,boost_0.35,1.4,,0.35,0.3851944860070944,0.07708937248027695,0.004818085780017309,0.4632472130469978,0.1813543210453057,0.005667322532665803,0.39110928075388074,0.1922513921056941,0.006007856003302941,0.26782919582910836,0.09973995662011276,0.0031168736443785237,256,16,14.979503399998066
runs\ablations\2d_galilean_n64_paper_ladder\fraction_0.05\aug_steps_4\seed_47\checkpoints\best.pt,runs\ablations\2d_galilean_n64_ood_severity\fraction_0.05\boost_0.35\aug\seed_47,aug,47,boost_0.35,1.4,,0.35,0.38612375035881996,0.08998515323931515,0.005624072077457197,0.46557936863973737,0.19356792889820956,0.006048997778069049,0.39512070175260305,0.2001752986471985,0.006255478082724953,0.26706468244083226,0.10091671930522797,0.003153647478288374,256,16,15.715636399996583
runs\ablations\2d_galilean_n64_paper_ladder\fraction_0.05\aug_orbit_lambda_0.05_steps_4\seed_23\checkpoints\best.pt,runs\ablations\2d_galilean_n64_ood_severity\fraction_0.05\boost_0.35\aug_orbit\seed_23,aug_orbit,23,boost_0.35,1.4,,0.35,0.25046497117727995,0.04337023907119465,0.0027106399419496658,0.3029505533631891,0.1322503895800237,0.00413282467437574,0.250975230243057,0.14762784965921813,0.0046133703018505666,0.27138158469460905,0.10066149129388946,0.0031456716029340456,256,16,18.0227922999984
runs\ablations\2d_galilean_n64_paper_ladder\fraction_0.05\aug_orbit_lambda_0.05_steps_4\seed_31\checkpoints\best.pt,runs\ablations\2d_galilean_n64_ood_severity\fraction_0.05\boost_0.35\aug_orbit\seed_31,aug_orbit,31,boost_0.35,1.4,,0.35,0.24289453029632568,0.05422342674995988,0.0033889641718724923,0.3081911082845181,0.1619038804765612,0.005059496264892538,0.2551854474004358,0.16931919164785023,0.0052912247389953196,0.26782919582910836,0.09973995662011276,0.0031168736443785237,256,16,15.942378600004304
runs\ablations\2d_galilean_n64_paper_ladder\fraction_0.05\aug_orbit_lambda_0.05_steps_4\seed_47\checkpoints\best.pt,runs\ablations\2d_galilean_n64_ood_severity\fraction_0.05\boost_0.35\aug_orbit\seed_47,aug_orbit,47,boost_0.35,1.4,,0.35,0.26718534529209137,0.0734579391710859,0.0045911211981928685,0.3433828130364418,0.19257961815439684,0.006018113067324901,0.2827126297634095,0.19870111584917205,0.0062094098702866266,0.26706468244083226,0.10091671930522797,0.003153647478288374,256,16,17.06839349999791
runs\ablations\2d_galilean_n64_paper_ladder\fraction_0.05\aug_steps_4\seed_23\checkpoints\best.pt,runs\ablations\2d_galilean_n64_ood_severity\fraction_0.05\boost_0.50\aug\seed_23,aug,23,boost_0.50,2.0,,0.5,0.39144619554281235,0.06768230664930928,0.00423014416558183,0.5228213695809245,0.23116541488109327,0.007223919215034165,0.5002310634590685,0.2559941414135903,0.007999816919174696,0.38768798718228936,0.14380211705701312,0.00449381615803166,256,16,16.803240499997628
runs\ablations\2d_galilean_n64_paper_ladder\fraction_0.05\aug_steps_4\seed_31\checkpoints\best.pt,runs\ablations\2d_galilean_n64_ood_severity\fraction_0.05\boost_0.50\aug\seed_31,aug,31,boost_0.50,2.0,,0.5,0.3851944860070944,0.07708937248027695,0.004818085780017309,0.5363928880542517,0.2562515849117103,0.008007862028490947,0.5033981101587415,0.2724526441488624,0.00851414512965195,0.3826131522655487,0.14248563416897078,0.004452676067780337,256,16,19.740681100003712
runs\ablations\2d_galilean_n64_paper_ladder\fraction_0.05\aug_steps_4\seed_47\checkpoints\best.pt,runs\ablations\2d_galilean_n64_ood_severity\fraction_0.05\boost_0.50\aug\seed_47,aug,47,boost_0.50,2.0,,0.5,0.38612375035881996,0.08998515323931515,0.005624072077457197,0.538471759762615,0.26700595897425533,0.008343936217945479,0.5063129300251603,0.28193550433815395,0.008810484510567311,0.3815209795720875,0.14416674561734744,0.004505210800542107,256,16,16.022981800000707
runs\ablations\2d_galilean_n64_paper_ladder\fraction_0.05\aug_orbit_lambda_0.05_steps_4\seed_23\checkpoints\best.pt,runs\ablations\2d_galilean_n64_ood_severity\fraction_0.05\boost_0.50\aug_orbit\seed_23,aug_orbit,23,boost_0.50,2.0,,0.5,0.25046497117727995,0.04337023907119465,0.0027106399419496658,0.3731055399402976,0.22887855830219606,0.007152454946943627,0.3451460818760097,0.24677614101740517,0.007711754406793911,0.38768798718228936,0.14380211705701312,0.00449381615803166,256,16,16.24787930000457
runs\ablations\2d_galilean_n64_paper_ladder\fraction_0.05\aug_orbit_lambda_0.05_steps_4\seed_31\checkpoints\best.pt,runs\ablations\2d_galilean_n64_ood_severity\fraction_0.05\boost_0.50\aug_orbit\seed_31,aug_orbit,31,boost_0.50,2.0,,0.5,0.24289453029632568,0.05422342674995988,0.0033889641718724923,0.3854051069356501,0.25809387093451186,0.008065433466703496,0.35674768942408264,0.2693345014182516,0.008416703169320363,0.3826131522655487,0.14248563416897078,0.004452676067780337,256,16,16.631804500000726
runs\ablations\2d_galilean_n64_paper_ladder\fraction_0.05\aug_orbit_lambda_0.05_steps_4\seed_47\checkpoints\best.pt,runs\ablations\2d_galilean_n64_ood_severity\fraction_0.05\boost_0.50\aug_orbit\seed_47,aug_orbit,47,boost_0.50,2.0,,0.5,0.26718534529209137,0.0734579391710859,0.0045911211981928685,0.4247755352407694,0.2895873224174973,0.00904960382554679,0.391971196513623,0.30177668981133143,0.009430521556604107,0.3815209795720875,0.14416674561734744,0.004505210800542107,256,16,16.313255000000936
