source,run_dir,method,method_label,seed,data_fraction,lambda_orbit,max_boost,relative_l2,orbit_ood_relative_l2,equivariance_defect_relative,severity
severity,runs/ablations/2d_galilean_n64_2pct_lambda_0p1_ood_severity/fraction_0.02/boost_0.10/aug_orbit_lambda_0.1_steps_4/seed_23,aug_orbit_lambda_0.1_steps_4,FNO + aug. + orbit,23,0.02,0.1,0.1,0.3517421875149011,0.3535579941235482,0.1121029693167656,boost_0.10
severity,runs/ablations/2d_galilean_n64_2pct_lambda_0p1_ood_severity/fraction_0.02/boost_0.10/aug_orbit_lambda_0.1_steps_4/seed_31,aug_orbit_lambda_0.1_steps_4,FNO + aug. + orbit,31,0.02,0.1,0.1,0.3739837352186441,0.3769287774339318,0.1167411213973537,boost_0.10
severity,runs/ablations/2d_galilean_n64_2pct_lambda_0p1_ood_severity/fraction_0.02/boost_0.10/aug_orbit_lambda_0.1_steps_4/seed_47,aug_orbit_lambda_0.1_steps_4,FNO + aug. + orbit,47,0.02,0.1,0.1,0.3763684388250112,0.3810813273303211,0.1211867039091885,boost_0.10
severity,runs/ablations/2d_galilean_n64_2pct_lambda_0p1_ood_severity/fraction_0.02/boost_0.10/aug_orbit_lambda_0.1_steps_4/seed_59,aug_orbit_lambda_0.1_steps_4,FNO + aug. + orbit,59,0.02,0.1,0.1,0.3189374580979347,0.3258673236705363,0.1097195537295192,boost_0.10
severity,runs/ablations/2d_galilean_n64_2pct_lambda_0p1_ood_severity/fraction_0.02/boost_0.10/aug_orbit_lambda_0.1_steps_4/seed_71,aug_orbit_lambda_0.1_steps_4,FNO + aug. + orbit,71,0.02,0.1,0.1,0.4171714447438717,0.4199738642200827,0.129125750507228,boost_0.10
severity,runs/ablations/2d_galilean_n64_2pct_lambda_0p1_ood_severity/fraction_0.02/boost_0.20/aug_orbit_lambda_0.1_steps_4/seed_23,aug_orbit_lambda_0.1_steps_4,FNO + aug. + orbit,23,0.02,0.1,0.2,0.3517421875149011,0.3625868074595928,0.2083892181981355,boost_0.20
severity,runs/ablations/2d_galilean_n64_2pct_lambda_0p1_ood_severity/fraction_0.02/boost_0.20/aug_orbit_lambda_0.1_steps_4/seed_31,aug_orbit_lambda_0.1_steps_4,FNO + aug. + orbit,31,0.02,0.1,0.2,0.3739837352186441,0.3881301432847976,0.2189583296421915,boost_0.20
severity,runs/ablations/2d_galilean_n64_2pct_lambda_0p1_ood_severity/fraction_0.02/boost_0.20/aug_orbit_lambda_0.1_steps_4/seed_47,aug_orbit_lambda_0.1_steps_4,FNO + aug. + orbit,47,0.02,0.1,0.2,0.3763684388250112,0.3946165032684803,0.2266037436202168,boost_0.20
severity,runs/ablations/2d_galilean_n64_2pct_lambda_0p1_ood_severity/fraction_0.02/boost_0.20/aug_orbit_lambda_0.1_steps_4/seed_59,aug_orbit_lambda_0.1_steps_4,FNO + aug. + orbit,59,0.02,0.1,0.2,0.3189374580979347,0.3438692605122924,0.2067589301150292,boost_0.20
severity,runs/ablations/2d_galilean_n64_2pct_lambda_0p1_ood_severity/fraction_0.02/boost_0.20/aug_orbit_lambda_0.1_steps_4/seed_71,aug_orbit_lambda_0.1_steps_4,FNO + aug. + orbit,71,0.02,0.1,0.2,0.4171714447438717,0.4305950552225113,0.2393195258919149,boost_0.20
severity,runs/ablations/2d_galilean_n64_2pct_lambda_0p1_ood_severity/fraction_0.02/boost_0.25/aug_orbit_lambda_0.1_steps_4/seed_23,aug_orbit_lambda_0.1_steps_4,FNO + aug. + orbit,23,0.02,0.1,0.25,0.3517421875149011,0.3711374695412814,0.2500362806022167,train_radius
severity,runs/ablations/2d_galilean_n64_2pct_lambda_0p1_ood_severity/fraction_0.02/boost_0.25/aug_orbit_lambda_0.1_steps_4/seed_31,aug_orbit_lambda_0.1_steps_4,FNO + aug. + orbit,31,0.02,0.1,0.25,0.3739837352186441,0.3979674959555268,0.2640515533275902,train_radius
severity,runs/ablations/2d_galilean_n64_2pct_lambda_0p1_ood_severity/fraction_0.02/boost_0.25/aug_orbit_lambda_0.1_steps_4/seed_47,aug_orbit_lambda_0.1_steps_4,FNO + aug. + orbit,47,0.02,0.1,0.25,0.3763684388250112,0.4056654120795429,0.272533637471497,train_radius
severity,runs/ablations/2d_galilean_n64_2pct_lambda_0p1_ood_severity/fraction_0.02/boost_0.25/aug_orbit_lambda_0.1_steps_4/seed_59,aug_orbit_lambda_0.1_steps_4,FNO + aug. + orbit,59,0.02,0.1,0.25,0.3189374580979347,0.3575427257455885,0.2501835951115936,train_radius
severity,runs/ablations/2d_galilean_n64_2pct_lambda_0p1_ood_severity/fraction_0.02/boost_0.25/aug_orbit_lambda_0.1_steps_4/seed_71,aug_orbit_lambda_0.1_steps_4,FNO + aug. + orbit,71,0.02,0.1,0.25,0.4171714447438717,0.4391987882554531,0.2861866848543286,train_radius
severity,runs/ablations/2d_galilean_n64_2pct_lambda_0p1_ood_severity/fraction_0.02/boost_0.35/aug_orbit_lambda_0.1_steps_4/seed_23,aug_orbit_lambda_0.1_steps_4,FNO + aug. + orbit,23,0.02,0.1,0.35,0.3517421875149011,0.3981181844137609,0.3249003612436354,boost_0.35
severity,runs/ablations/2d_galilean_n64_2pct_lambda_0p1_ood_severity/fraction_0.02/boost_0.35/aug_orbit_lambda_0.1_steps_4/seed_31,aug_orbit_lambda_0.1_steps_4,FNO + aug. + orbit,31,0.02,0.1,0.35,0.3739837352186441,0.4277517646551132,0.3460017731413245,boost_0.35
severity,runs/ablations/2d_galilean_n64_2pct_lambda_0p1_ood_severity/fraction_0.02/boost_0.35/aug_orbit_lambda_0.1_steps_4/seed_47,aug_orbit_lambda_0.1_steps_4,FNO + aug. + orbit,47,0.02,0.1,0.35,0.3763684388250112,0.437002467457205,0.3546370998956263,boost_0.35
severity,runs/ablations/2d_galilean_n64_2pct_lambda_0p1_ood_severity/fraction_0.02/boost_0.35/aug_orbit_lambda_0.1_steps_4/seed_59,aug_orbit_lambda_0.1_steps_4,FNO + aug. + orbit,59,0.02,0.1,0.35,0.3189374580979347,0.3946537729352712,0.3309296173974871,boost_0.35
severity,runs/ablations/2d_galilean_n64_2pct_lambda_0p1_ood_severity/fraction_0.02/boost_0.35/aug_orbit_lambda_0.1_steps_4/seed_71,aug_orbit_lambda_0.1_steps_4,FNO + aug. + orbit,71,0.02,0.1,0.35,0.4171714447438717,0.4632425922900438,0.3672456662170589,boost_0.35
severity,runs/ablations/2d_galilean_n64_2pct_lambda_0p1_ood_severity/fraction_0.02/boost_0.50/aug_orbit_lambda_0.1_steps_4/seed_23,aug_orbit_lambda_0.1_steps_4,FNO + aug. + orbit,23,0.02,0.1,0.5,0.3517421875149011,0.4650816125795245,0.4332986772060394,boost_0.50
severity,runs/ablations/2d_galilean_n64_2pct_lambda_0p1_ood_severity/fraction_0.02/boost_0.50/aug_orbit_lambda_0.1_steps_4/seed_31,aug_orbit_lambda_0.1_steps_4,FNO + aug. + orbit,31,0.02,0.1,0.5,0.3739837352186441,0.4962667063809931,0.4600889636203646,boost_0.50
severity,runs/ablations/2d_galilean_n64_2pct_lambda_0p1_ood_severity/fraction_0.02/boost_0.50/aug_orbit_lambda_0.1_steps_4/seed_47,aug_orbit_lambda_0.1_steps_4,FNO + aug. + orbit,47,0.02,0.1,0.5,0.3763684388250112,0.5050130616873503,0.4670076160691678,boost_0.50
severity,runs/ablations/2d_galilean_n64_2pct_lambda_0p1_ood_severity/fraction_0.02/boost_0.50/aug_orbit_lambda_0.1_steps_4/seed_59,aug_orbit_lambda_0.1_steps_4,FNO + aug. + orbit,59,0.02,0.1,0.5,0.3189374580979347,0.4725560853257775,0.4478203230537474,boost_0.50
severity,runs/ablations/2d_galilean_n64_2pct_lambda_0p1_ood_severity/fraction_0.02/boost_0.50/aug_orbit_lambda_0.1_steps_4/seed_71,aug_orbit_lambda_0.1_steps_4,FNO + aug. + orbit,71,0.02,0.1,0.5,0.4171714447438717,0.516153625678271,0.4720157156698406,boost_0.50
severity,runs/ablations/2d_galilean_n64_label_efficiency_2pct_ood_severity/fraction_0.02/boost_0.10/aug_steps_6/seed_23,aug_steps_6,FNO + aug.,23,0.02,,0.1,0.4750366043299436,0.4774191291071474,0.1680631104391068,boost_0.10
severity,runs/ablations/2d_galilean_n64_label_efficiency_2pct_ood_severity/fraction_0.02/boost_0.10/aug_steps_6/seed_31,aug_steps_6,FNO + aug.,31,0.02,,0.1,0.5449895411729813,0.5482212519273162,0.189314167946577,boost_0.10
severity,runs/ablations/2d_galilean_n64_label_efficiency_2pct_ood_severity/fraction_0.02/boost_0.10/aug_steps_6/seed_47,aug_steps_6,FNO + aug.,47,0.02,,0.1,0.5343834832310677,0.5391324646770954,0.1880486221052706,boost_0.10
severity,runs/ablations/2d_galilean_n64_label_efficiency_2pct_ood_severity/fraction_0.02/boost_0.10/aug_steps_6/seed_59,aug_steps_6,FNO + aug.,59,0.02,,0.1,0.4084545504301786,0.4162450204603374,0.1514818534487858,boost_0.10
severity,runs/ablations/2d_galilean_n64_label_efficiency_2pct_ood_severity/fraction_0.02/boost_0.10/aug_steps_6/seed_71,aug_steps_6,FNO + aug.,71,0.02,,0.1,0.5415244773030281,0.5437778839841485,0.1899516626726836,boost_0.10
severity,runs/ablations/2d_galilean_n64_label_efficiency_2pct_ood_severity/fraction_0.02/boost_0.20/aug_steps_6/seed_23,aug_steps_6,FNO + aug.,23,0.02,,0.2,0.4750366043299436,0.4881017762236297,0.3041425216943025,boost_0.20
severity,runs/ablations/2d_galilean_n64_label_efficiency_2pct_ood_severity/fraction_0.02/boost_0.20/aug_steps_6/seed_31,aug_steps_6,FNO + aug.,31,0.02,,0.2,0.5449895411729813,0.5600695637986064,0.341008560732007,boost_0.20
severity,runs/ablations/2d_galilean_n64_label_efficiency_2pct_ood_severity/fraction_0.02/boost_0.20/aug_steps_6/seed_47,aug_steps_6,FNO + aug.,47,0.02,,0.2,0.5343834832310677,0.5519582414999604,0.337521880865097,boost_0.20
severity,runs/ablations/2d_galilean_n64_label_efficiency_2pct_ood_severity/fraction_0.02/boost_0.20/aug_steps_6/seed_59,aug_steps_6,FNO + aug.,59,0.02,,0.2,0.4084545504301786,0.4356270330026746,0.2783382427878678,boost_0.20
severity,runs/ablations/2d_galilean_n64_label_efficiency_2pct_ood_severity/fraction_0.02/boost_0.20/aug_steps_6/seed_71,aug_steps_6,FNO + aug.,71,0.02,,0.2,0.5415244773030281,0.5524719236418605,0.341250556986779,boost_0.20
severity,runs/ablations/2d_galilean_n64_label_efficiency_2pct_ood_severity/fraction_0.02/boost_0.25/aug_steps_6/seed_23,aug_steps_6,FNO + aug.,23,0.02,,0.25,0.4750366043299436,0.4972918760031461,0.3596999053843319,train_radius
severity,runs/ablations/2d_galilean_n64_label_efficiency_2pct_ood_severity/fraction_0.02/boost_0.25/aug_steps_6/seed_31,aug_steps_6,FNO + aug.,31,0.02,,0.25,0.5449895411729813,0.5696513308212161,0.4026628183200955,train_radius
severity,runs/ablations/2d_galilean_n64_label_efficiency_2pct_ood_severity/fraction_0.02/boost_0.25/aug_steps_6/seed_47,aug_steps_6,FNO + aug.,47,0.02,,0.25,0.5343834832310677,0.561854443512857,0.3977827029302716,train_radius
severity,runs/ablations/2d_galilean_n64_label_efficiency_2pct_ood_severity/fraction_0.02/boost_0.25/aug_steps_6/seed_59,aug_steps_6,FNO + aug.,59,0.02,,0.25,0.4084545504301786,0.4497375930659473,0.3324574260041117,train_radius
severity,runs/ablations/2d_galilean_n64_label_efficiency_2pct_ood_severity/fraction_0.02/boost_0.25/aug_steps_6/seed_71,aug_steps_6,FNO + aug.,71,0.02,,0.25,0.5415244773030281,0.5597602818161249,0.4025210770778358,train_radius
severity,runs/ablations/2d_galilean_n64_label_efficiency_2pct_ood_severity/fraction_0.02/boost_0.35/aug_steps_6/seed_23,aug_steps_6,FNO + aug.,23,0.02,,0.35,0.4750366043299436,0.5244967336766422,0.4528833227232098,boost_0.35
severity,runs/ablations/2d_galilean_n64_label_efficiency_2pct_ood_severity/fraction_0.02/boost_0.35/aug_steps_6/seed_31,aug_steps_6,FNO + aug.,31,0.02,,0.35,0.5449895411729813,0.596876441501081,0.5053292587399483,boost_0.35
severity,runs/ablations/2d_galilean_n64_label_efficiency_2pct_ood_severity/fraction_0.02/boost_0.35/aug_steps_6/seed_47,aug_steps_6,FNO + aug.,47,0.02,,0.35,0.5343834832310677,0.5880893496796489,0.4960509627126157,boost_0.35
severity,runs/ablations/2d_galilean_n64_label_efficiency_2pct_ood_severity/fraction_0.02/boost_0.35/aug_steps_6/seed_59,aug_steps_6,FNO + aug.,59,0.02,,0.35,0.4084545504301786,0.4870462054386735,0.4280110928229987,boost_0.35
severity,runs/ablations/2d_galilean_n64_label_efficiency_2pct_ood_severity/fraction_0.02/boost_0.35/aug_steps_6/seed_71,aug_steps_6,FNO + aug.,71,0.02,,0.35,0.5415244773030281,0.580867157317698,0.5035683275200427,boost_0.35
severity,runs/ablations/2d_galilean_n64_label_efficiency_2pct_ood_severity/fraction_0.02/boost_0.50/aug_steps_6/seed_23,aug_steps_6,FNO + aug.,23,0.02,,0.5,0.4750366043299436,0.5874029514379799,0.5706425551325083,boost_0.50
severity,runs/ablations/2d_galilean_n64_label_efficiency_2pct_ood_severity/fraction_0.02/boost_0.50/aug_steps_6/seed_31,aug_steps_6,FNO + aug.,31,0.02,,0.5,0.5449895411729813,0.6562302224338055,0.6294430182315409,boost_0.50
severity,runs/ablations/2d_galilean_n64_label_efficiency_2pct_ood_severity/fraction_0.02/boost_0.50/aug_steps_6/seed_47,aug_steps_6,FNO + aug.,47,0.02,,0.5,0.5343834832310677,0.6413239790126681,0.6090427222661674,boost_0.50
severity,runs/ablations/2d_galilean_n64_label_efficiency_2pct_ood_severity/fraction_0.02/boost_0.50/aug_steps_6/seed_59,aug_steps_6,FNO + aug.,59,0.02,,0.5,0.4084545504301786,0.5645235329866409,0.554912852589041,boost_0.50
severity,runs/ablations/2d_galilean_n64_label_efficiency_2pct_ood_severity/fraction_0.02/boost_0.50/aug_steps_6/seed_71,aug_steps_6,FNO + aug.,71,0.02,,0.5,0.5415244773030281,0.6293666092678905,0.6216061231680214,boost_0.50
training,runs/ablations/2d_galilean_n64_label_efficiency_compute_matched/fraction_0.01/aug_steps_6/seed_23,aug,FNO + aug.,23,0.01,0.05,0.25,0.6587285734713078,0.6660089818760753,0.4763599368743598,
training,runs/ablations/2d_galilean_n64_label_efficiency_compute_matched/fraction_0.01/aug_steps_6/seed_31,aug,FNO + aug.,31,0.01,0.05,0.25,0.8258921690285206,0.8318642480298877,0.5602677366696298,
training,runs/ablations/2d_galilean_n64_label_efficiency_compute_matched/fraction_0.01/aug_steps_6/seed_47,aug,FNO + aug.,47,0.01,0.05,0.25,0.7175309807062149,0.7283379593864083,0.4873049389570951,
training,runs/ablations/2d_galilean_n64_label_efficiency_compute_matched/fraction_0.02/aug_steps_6/seed_23,aug,FNO + aug.,23,0.02,0.05,0.25,0.4750366043299436,0.5000794478692114,0.3610182222910225,
training,runs/ablations/2d_galilean_n64_label_efficiency_compute_matched/fraction_0.02/aug_steps_6/seed_31,aug,FNO + aug.,31,0.02,0.05,0.25,0.5449895411729813,0.5710898628458381,0.4078086395747959,
training,runs/ablations/2d_galilean_n64_label_efficiency_compute_matched/fraction_0.02/aug_steps_6/seed_47,aug,FNO + aug.,47,0.02,0.05,0.25,0.5343834832310677,0.5534176761284471,0.3913539866916835,
training,runs/ablations/2d_galilean_n64_label_efficiency_compute_matched/fraction_0.02/aug_steps_6/seed_59,aug,FNO + aug.,59,0.02,0.05,0.25,0.4084545504301786,0.4483756138943136,0.3361896541900933,
training,runs/ablations/2d_galilean_n64_label_efficiency_compute_matched/fraction_0.02/aug_steps_6/seed_71,aug,FNO + aug.,71,0.02,0.05,0.25,0.5415244773030281,0.5652007795870304,0.4113992876373231,
training,runs/ablations/2d_galilean_n64_compute_matched/fraction_0.05/aug_steps_6/seed_23,aug,FNO + aug.,23,0.05,0.05,0.25,0.2984768562018871,0.3227749466896057,0.2411552364937961,
training,runs/ablations/2d_galilean_n64_compute_matched/fraction_0.05/aug_steps_6/seed_31,aug,FNO + aug.,31,0.05,0.05,0.25,0.2880410924553871,0.3231638460420072,0.2437815009616315,
training,runs/ablations/2d_galilean_n64_compute_matched/fraction_0.05/aug_steps_6/seed_47,aug,FNO + aug.,47,0.05,0.05,0.25,0.2985662575811147,0.3251632070168853,0.243200154043734,
training,runs/ablations/2d_galilean_n64_1pct_lambda_0p1/fraction_0.01/aug_orbit_lambda_0.1_steps_4/seed_23,aug_orbit,FNO + aug. + orbit,23,0.01,0.1,0.25,0.5740373209118843,0.5867450572550297,0.3831079206429422,
training,runs/ablations/2d_galilean_n64_1pct_lambda_0p1/fraction_0.01/aug_orbit_lambda_0.1_steps_4/seed_31,aug_orbit,FNO + aug. + orbit,31,0.01,0.1,0.25,0.675119798630476,0.6875967308878899,0.4215838615782559,
training,runs/ablations/2d_galilean_n64_1pct_lambda_0p1/fraction_0.01/aug_orbit_lambda_0.1_steps_4/seed_47,aug_orbit,FNO + aug. + orbit,47,0.01,0.1,0.25,0.636393778026104,0.6473605157807469,0.3951493487693369,
training,runs/ablations/2d_galilean_n64_2pct_lambda_robustness/fraction_0.02/aug_orbit_lambda_0.1_steps_4/seed_23,aug_orbit,FNO + aug. + orbit,23,0.02,0.1,0.25,0.3517421875149011,0.3743666750378907,0.2530845678411424,
training,runs/ablations/2d_galilean_n64_2pct_lambda_robustness/fraction_0.02/aug_orbit_lambda_0.01_steps_4/seed_23,aug_orbit,FNO + aug. + orbit,23,0.02,0.01,0.25,0.5052915513515472,0.533201512414962,0.3685741126537323,
training,runs/ablations/2d_galilean_n64_paper_ladder/fraction_0.02/aug_orbit_lambda_0.05_steps_4/seed_23,aug_orbit,FNO + aug. + orbit,23,0.02,0.05,0.25,0.4079300407320261,0.4304103041067719,0.2967575057409704,
training,runs/ablations/2d_galilean_n64_2pct_lambda_robustness/fraction_0.02/aug_orbit_lambda_0.1_steps_4/seed_31,aug_orbit,FNO + aug. + orbit,31,0.02,0.1,0.25,0.3739837352186441,0.4028443736024201,0.2692930868361145,
training,runs/ablations/2d_galilean_n64_2pct_lambda_robustness/fraction_0.02/aug_orbit_lambda_0.01_steps_4/seed_31,aug_orbit,FNO + aug. + orbit,31,0.02,0.01,0.25,0.5714566707611084,0.600124292075634,0.4116803705692291,
training,runs/ablations/2d_galilean_n64_paper_ladder/fraction_0.02/aug_orbit_lambda_0.05_steps_4/seed_31,aug_orbit,FNO + aug. + orbit,31,0.02,0.05,0.25,0.4431467857211828,0.4728768290951848,0.3311604899354279,
training,runs/ablations/2d_galilean_n64_2pct_lambda_robustness/fraction_0.02/aug_orbit_lambda_0.1_steps_4/seed_47,aug_orbit,FNO + aug. + orbit,47,0.02,0.1,0.25,0.3763684388250112,0.3974168375134468,0.2666297974064946,
training,runs/ablations/2d_galilean_n64_2pct_lambda_robustness/fraction_0.02/aug_orbit_lambda_0.01_steps_4/seed_47,aug_orbit,FNO + aug. + orbit,47,0.02,0.01,0.25,0.5748099572956562,0.5969447772949934,0.4062551385723054,
training,runs/ablations/2d_galilean_n64_paper_ladder/fraction_0.02/aug_orbit_lambda_0.05_steps_4/seed_47,aug_orbit,FNO + aug. + orbit,47,0.02,0.05,0.25,0.4441098347306251,0.4644093024544418,0.3193480891641229,
training,runs/ablations/2d_galilean_n64_2pct_lambda_robustness/fraction_0.02/aug_orbit_lambda_0.1_steps_4/seed_59,aug_orbit,FNO + aug. + orbit,59,0.02,0.1,0.25,0.3189374580979347,0.3558515668846667,0.2533877780660987,
training,runs/ablations/2d_galilean_n64_paper_ladder/fraction_0.02/aug_orbit_lambda_0.05_steps_4/seed_59,aug_orbit,FNO + aug. + orbit,59,0.02,0.05,0.25,0.3555195834487676,0.394859722815454,0.2864377486985177,
training,runs/ablations/2d_galilean_n64_2pct_lambda_robustness/fraction_0.02/aug_orbit_lambda_0.1_steps_4/seed_71,aug_orbit,FNO + aug. + orbit,71,0.02,0.1,0.25,0.4171714447438717,0.444437903817743,0.2959073826204985,
training,runs/ablations/2d_galilean_n64_paper_ladder/fraction_0.02/aug_orbit_lambda_0.05_steps_4/seed_71,aug_orbit,FNO + aug. + orbit,71,0.02,0.05,0.25,0.4692544639110565,0.4964884030632674,0.3467512344941497,
training,runs/ablations/2d_galilean_n64_5pct_lambda_0p1/fraction_0.05/aug_orbit_lambda_0.1_steps_4/seed_23,aug_orbit,FNO + aug. + orbit,23,0.05,0.1,0.25,0.223298997618258,0.2451450994703918,0.1544037713902071,
training,runs/ablations/2d_galilean_n64_5pct_lambda_0p1/fraction_0.05/aug_orbit_lambda_0.1_steps_4/seed_31,aug_orbit,FNO + aug. + orbit,31,0.05,0.1,0.25,0.2156068282201886,0.244810706237331,0.161932012764737,
training,runs/ablations/2d_galilean_n64_5pct_lambda_0p1/fraction_0.05/aug_orbit_lambda_0.1_steps_4/seed_47,aug_orbit,FNO + aug. + orbit,47,0.05,0.1,0.25,0.2390454532578587,0.2644071052782237,0.1699680283199995,
training,runs/ablations/2d_galilean_n64_2pct_headline_5seed/fraction_0.02/baseline_steps_4/seed_23,baseline,FNO,23,0.02,0.05,0.25,0.895914651453495,0.9237736761569976,0.6778834192082286,
training,runs/ablations/2d_galilean_n64_2pct_headline_5seed/fraction_0.02/baseline_steps_4/seed_31,baseline,FNO,31,0.02,0.05,0.25,0.9457838870584964,0.9761073719710112,0.7006449131295085,
training,runs/ablations/2d_galilean_n64_2pct_headline_5seed/fraction_0.02/baseline_steps_4/seed_47,baseline,FNO,47,0.02,0.05,0.25,0.9447278007864952,0.96479656919837,0.7253092098981142,
training,runs/ablations/2d_galilean_n64_2pct_headline_5seed/fraction_0.02/baseline_steps_4/seed_59,baseline,FNO,59,0.02,0.05,0.25,0.9437103047966956,0.9745726296678184,0.6915507297962904,
training,runs/ablations/2d_galilean_n64_2pct_headline_5seed/fraction_0.02/baseline_steps_4/seed_71,baseline,FNO,71,0.02,0.05,0.25,0.9132923185825348,0.944777823984623,0.6984689962118864,
training,runs/ablations/2d_galilean_n64_2pct_headline_5seed/fraction_0.02/orbit_lambda_0.05_steps_4/seed_23,orbit,FNO + orbit,23,0.02,0.05,0.25,0.450375460088253,0.4769283682107925,0.3231802578084171,
training,runs/ablations/2d_galilean_n64_2pct_headline_5seed/fraction_0.02/orbit_lambda_0.05_steps_4/seed_31,orbit,FNO + orbit,31,0.02,0.05,0.25,0.4718052111566067,0.5040640388615429,0.3410155344754457,
training,runs/ablations/2d_galilean_n64_2pct_headline_5seed/fraction_0.02/orbit_lambda_0.05_steps_4/seed_47,orbit,FNO + orbit,47,0.02,0.05,0.25,0.4827473238110542,0.5067935595288873,0.3363608145155012,
training,runs/ablations/2d_galilean_n64_2pct_headline_5seed/fraction_0.02/orbit_lambda_0.05_steps_4/seed_59,orbit,FNO + orbit,59,0.02,0.05,0.25,0.4062960166484117,0.4477847889065742,0.3177948663942516,
training,runs/ablations/2d_galilean_n64_2pct_headline_5seed/fraction_0.02/orbit_lambda_0.05_steps_4/seed_71,orbit,FNO + orbit,71,0.02,0.05,0.25,0.5118990279734135,0.5403324980288744,0.3612645315006375,
